{"cameraMode":{"drawMode":0,"name":"Shaded","section":"Shading Mode"},"sceneLighting":false,"audioPlay":false,"sceneViewState":{"m_AlwaysRefresh":false,"showFog":false,"showSkybox":false,"showFlares":true,"showImageEffects":false,"showParticleSystems":false,"showVisualEffectGraphs":true,"m_FxEnabled":true},"in2DMode":false,"pivot":{"x":0.4455491304397583,"y":5.397673606872559,"z":-0.8546315431594849},"rotation":{"x":0.01751534268260002,"y":-0.7267412543296814,"z":0.018530024215579034,"w":0.6864540576934815},"size":0.9178478717803955,"orthographic":false}